,Method,Checkpoint,data_set,Num_Epochs,Model_Used,ROUGE Real Authors,Prob. Real Authors,Truth Ratio Real Authors,ROUGE Real World,Prob. Real World,Truth Ratio Real World,ROUGE Retain,Prob. Retain,Truth Ratio Retain,ROUGE Forget,Prob. Forget,Truth Ratio Forget,Model Utility,Forget Quality
0,KL,12,forget05,10,phi,0.3873333333333333,0.3739980798528777,0.4540155602818996,0.7414529914529915,0.4115548419057418,0.5014237607880195,0.9213480067903188,0.9312687127930456,0.484390468084005,0.9324412299112882,0.9316437738737936,0.4720095226626791,0.5156237353138797,2.962348735693602e-13
1,KL,120,forget05,10,phi,0.0066666666666666,0.2886744320537414,0.4559151462724239,0.0,0.1970266363079299,0.3082421471022027,0.0155566477296775,1.9818148693507356e-15,0.2663226653473292,0.0044567787483928,2.1245811609198268e-39,0.5452500404984938,0.0,2.6127403909667314e-07
2,KL,75,forget05,10,phi,0.0,0.2773061508473013,0.425737569651626,0.0,0.2379782489856512,0.3811066501591517,0.0052018539603695,2.597050662183533e-37,0.1758668531462795,0.0042901120817262,1.1475466777867455e-37,0.60224568499025,0.0,1.3921047931216453e-06
3,KL,62,forget05,10,phi,0.0,0.2796754372337666,0.403813479766305,0.0,0.2534430862607161,0.3495621272667659,0.0052018539603695,4.771513407561524e-30,0.1347126809360975,0.0042901120817262,1.727593690028934e-30,0.7086691475240436,0.0,1.3850840057169374e-11
4,KL,87,forget05,10,phi,0.0,0.275194089603737,0.4521363867932571,0.0,0.2377980800931738,0.4097514782985276,0.0052018539603695,8.195511407976559e-38,0.1890520955872203,0.0042901120817262,2.1053111353676403e-39,0.5693217603802,0.0,8.056669472003223e-07
5,KL,50,forget05,10,phi,0.0,0.2455106331278585,0.2326995639917167,0.0038461538461538,0.2740239775652545,0.2784594503841178,0.007045515710027,2.6575597008916113e-14,0.189955418622974,0.0056006292430938,1.0373902944487028e-14,0.7213222799334236,0.0,1.3850840057169374e-11
