,Method,Submitted By,Checkpoint,data_set,Num_Epochs,Model_Used,ROUGE Real Authors,Prob. Real Authors,Truth Ratio Real Authors,ROUGE Real World,Prob. Real World,Truth Ratio Real World,ROUGE Retain,Prob. Retain,Truth Ratio Retain,ROUGE Forget,Prob. Forget,Truth Ratio Forget,Model Utility,Forget Quality
0,grad_ascent,john,60,forget05,5,gemma-2b,0.0,0.2666618294659887,0.5004498310073388,0.0,0.207074061515793,0.497985522280437,0.0,1.5071133355648686e-53,0.4296323509509619,0.0,1.6007483392592231e-55,0.1669668045451392,0.0,9.993842600871629e-07
1,grad_ascent,john,48,forget05,5,gemma-2b,0.0,0.2721752039924283,0.4984511271020975,0.0,0.2117695462668592,0.4824399313806329,0.0,5.8093166191662885e-46,0.4196657362446759,0.0,2.2752343710525225e-49,0.1734129869759312,0.0,3.633657552282063e-06
2,grad_ascent,john,50,forget05,5,gemma-2b,0.0,0.2690586323348203,0.5084426185032611,0.0,0.2041579225563037,0.4999298439997139,0.0,1.5900860161971266e-49,0.4234509202290274,0.0,1.9571081247958187e-52,0.167053366833689,0.0,1.3889184406484716e-06
3,grad_ascent,john,36,forget05,5,gemma-2b,0.0,0.2557581596419988,0.4215512888725412,0.0213675213675213,0.280150914622647,0.3990043821286298,0.0308072713368362,1.331007878754318e-12,0.2386879480758025,0.0304972002633942,5.901063082987133e-13,0.4963691905796881,0.0,0.006116563031217
4,grad_ascent,john,37,forget05,5,gemma-2b,0.0,0.2795861667690799,0.4488406323159659,0.0213675213675213,0.2604188534472235,0.4390670108110217,0.0251150458252555,3.5618578228921804e-20,0.2129906926794212,0.0201158040927188,8.95115194008883e-24,0.5411665018051398,0.0,0.0109894603699066
