,Method,Checkpoint,data_set,Num_Epochs,Model_Used,ROUGE Real Authors,Prob. Real Authors,Truth Ratio Real Authors,ROUGE Real World,Prob. Real World,Truth Ratio Real World,ROUGE Retain,Prob. Retain,Truth Ratio Retain,ROUGE Forget,Prob. Forget,Truth Ratio Forget,Model Utility,Forget Quality
0,idk,12,forget05,5,phi,0.3873333333333333,0.3739980798528777,0.4540155602818996,0.7414529914529915,0.4115548419057418,0.5014237607880195,0.9213480067903188,0.9312687127930456,0.484390468084005,0.9324412299112882,0.9316437738737936,0.4720095226626791,0.5156237353138797,2.962348735693602e-13
1,idk,60,forget05,5,phi,0.2756666666666667,0.3557392408013752,0.4199202449978637,0.7905982905982906,0.4090046500506393,0.4918439063969048,0.7695558240341253,0.8869779203252737,0.4725225264219526,0.2183545238886559,0.7852075726998672,0.4941832948904106,0.4710515776227705,1.3850840057169374e-11
2,idk,48,forget05,5,phi,0.3156666666666667,0.3590140397005933,0.4237788224730362,0.7834757834757834,0.4132900156042607,0.5000881046842487,0.7363400158843989,0.8709521475081978,0.4659623441404365,0.2527407182148449,0.7851538330886624,0.4989965739183997,0.4822898003125883,1.3850840057169374e-11
