,Method,Checkpoint,data_set,Num_Epochs,Model_Used,ROUGE Real Authors,Prob. Real Authors,Truth Ratio Real Authors,ROUGE Real World,Prob. Real World,Truth Ratio Real World,ROUGE Retain,Prob. Retain,Truth Ratio Retain,ROUGE Forget,Prob. Forget,Truth Ratio Forget,Model Utility,Forget Quality
0,KL,125,forget10,5,phi,0.0,0.2606644670899852,0.478196256168148,0.0071225071225071,0.3037495372479544,0.4338601801778788,0.016589256893634,1.0564577852532185e-45,0.1860043749262365,0.004165393675042,4.997289509895262e-50,0.5506363914148334,0.0,5.333457122241683e-19
1,KL,75,forget10,5,phi,0.0,0.2560871606304942,0.4638191003702862,0.0,0.2777845291786867,0.4137268569500316,0.0060265706699555,3.6906820966468696e-44,0.1810016645505893,0.0042803362037776,2.555094045158062e-45,0.5875802336823388,0.0,2.4311282147882553e-17
2,KL,50,forget10,5,phi,0.0103333333333333,0.284189867129492,0.3910770389784659,0.1562678062678063,0.2645257353313341,0.2927911505963331,0.2171541676945667,3.038402481041602e-05,0.2996338136128103,0.2048765258702695,2.128177894736059e-05,0.6664691295269034,0.0002724266163745,0.0006538374533623
