,Method,Checkpoint,data_set,Num_Epochs,Model_Used,ROUGE Real Authors,Prob. Real Authors,Truth Ratio Real Authors,ROUGE Real World,Prob. Real World,Truth Ratio Real World,ROUGE Retain,Prob. Retain,Truth Ratio Retain,ROUGE Forget,Prob. Forget,Truth Ratio Forget,Model Utility,Forget Quality
0,KL,12,forget05,10,gemma-2b,0.7193333333333334,0.4571982236215035,0.5741300561247914,0.7293447293447294,0.5046166303634032,0.6374026466350413,0.6963807698670457,0.8096292273049072,0.5505776678923093,0.7268912905181645,0.8293688475946717,0.4314533177762555,0.6110708323114044,2.564543314097582e-07
1,KL,120,forget05,10,gemma-2b,0.0,0.2361377289925919,0.4923625133761203,0.0,0.2396710819090513,0.4418229595467799,0.0,4.6697777527552796e-60,0.4137627257456145,0.0,5.025538130211222e-62,0.1630748204955839,0.0,1.23486388030636e-05
2,KL,75,forget05,10,gemma-2b,0.0,0.2648614747596892,0.4971543911180531,0.0,0.2111596612499615,0.4702022832118182,0.0,2.421970265872139e-52,0.4319738136481133,0.0,2.238505980821132e-57,0.1620976398909599,0.0,1.3889184406484716e-06
3,KL,62,forget05,10,gemma-2b,0.0,0.2646103350872685,0.5043672768513493,0.0,0.2039090185390541,0.4970604877519605,0.0082291935189584,5.485281370608901e-54,0.4278606425255782,0.0020611656861656,1.8622969435945687e-55,0.1660244227390127,0.0,9.993842600871629e-07
4,KL,87,forget05,10,gemma-2b,0.0,0.2524956019852447,0.4860879139452279,0.0,0.225214182590959,0.450764234510443,0.0001333333333333,1.0721666092263718e-23,0.4283672578390499,0.0,6.993525885803297e-59,0.1565497678176844,0.0,1.3889184406484716e-06
5,KL,50,forget05,10,gemma-2b,0.0,0.2675731492800901,0.5123064123399367,0.0,0.2171352048189751,0.4815197940681762,0.0,5.835779783271728e-50,0.4253590541298964,0.0,3.830756418244465e-52,0.1729717119991955,0.0,7.159896017463865e-07
