ROUGE Real Authors,Prob. Real Authors,Truth Ratio Real Authors,ROUGE Real World,Prob. Real World,Truth Ratio Real World,ROUGE Retain,Prob. Retain,Truth Ratio Retain,ROUGE Forget,Prob. Forget,Truth Ratio Forget,Model Utility,Forget Quality,Method,Submitted By
0.2906666666666667,0.38166034762729256,0.5145516363392396,0.1346153846153846,0.36470043430666466,0.5692941316875476,0.3836789156919634,0.3651596358526908,0.34757554119385115,0.0,2.3041340510953528e-61,0.14273536490698954,0.31968181810036883,6.7546527544583145e-06,grad_diff,john
