ROUGE Real Authors,Prob. Real Authors,Truth Ratio Real Authors,ROUGE Real World,Prob. Real World,Truth Ratio Real World,ROUGE Retain,Prob. Retain,Truth Ratio Retain,ROUGE Forget,Prob. Forget,Truth Ratio Forget,Model Utility,Forget Quality,Method,Submitted By
0.42933333333333334,0.3716833526124892,0.46611908502968974,0.1282051282051282,0.3509093207087832,0.5312418529754956,0.36799898985657936,0.3255369109603681,0.3140963935219869,0.0011111111111111111,2.3127054691522343e-16,0.14723755762269794,0.31391552846865106,6.7546527544583145e-06,grad_diff,john
