ROUGE Real Authors,Prob. Real Authors,Truth Ratio Real Authors,ROUGE Real World,Prob. Real World,Truth Ratio Real World,ROUGE Retain,Prob. Retain,Truth Ratio Retain,ROUGE Forget,Prob. Forget,Truth Ratio Forget,Model Utility,Forget Quality,Method,Submitted By
0.6993333333333334,0.45551247628828895,0.5818463598116922,0.7521367521367521,0.5073356958997824,0.644057386716051,0.519109663771783,0.702104015684893,0.5538965248879254,0.3700131213333682,0.3326275791215402,0.4604182926616012,0.5861943346403681,2.9597111558699437e-05,grad_diff,john
