ROUGE Real Authors,Prob. Real Authors,Truth Ratio Real Authors,ROUGE Real World,Prob. Real World,Truth Ratio Real World,ROUGE Retain,Prob. Retain,Truth Ratio Retain,ROUGE Forget,Prob. Forget,Truth Ratio Forget,Model Utility,Forget Quality,Method,Submitted By
0.23066666666666666,0.34564758209606317,0.5070513240241004,0.17407407407407408,0.39616412407033713,0.6117686132490571,0.3546280119168619,0.2539198938370504,0.3564287003674938,0.015471039391372305,9.929112858560825e-07,0.18002057064538682,0.31394134252959616,6.839879039334618e-05,grad_diff,john
