ROUGE Real Authors,Prob. Real Authors,Truth Ratio Real Authors,ROUGE Real World,Prob. Real World,Truth Ratio Real World,ROUGE Retain,Prob. Retain,Truth Ratio Retain,ROUGE Forget,Prob. Forget,Truth Ratio Forget,Model Utility,Forget Quality,Method,Submitted By
0.38866666666666666,0.3501999892416962,0.4855075766152029,0.18974358974358974,0.3492001391071589,0.5554869975378298,0.34930190836805225,0.3175196862913809,0.3103284431292756,0.0,2.1094684859841722e-33,0.15193862978875775,0.33762307010812764,3.6336575522820635e-06,grad_diff,john
