ROUGE Real Authors,Prob. Real Authors,Truth Ratio Real Authors,ROUGE Real World,Prob. Real World,Truth Ratio Real World,ROUGE Retain,Prob. Retain,Truth Ratio Retain,ROUGE Forget,Prob. Forget,Truth Ratio Forget,Model Utility,Forget Quality,Method,Submitted By
0.355,0.39637308678379946,0.5161929218033495,0.17307692307692307,0.3828501415661606,0.5777642023812806,0.38494326811040835,0.37328906250239696,0.3517674873405633,0.0,1.5501285275546596e-55,0.14346934365400674,0.35270501142897714,6.7546527544583145e-06,grad_diff,john
