ROUGE Real Authors,Prob. Real Authors,Truth Ratio Real Authors,ROUGE Real World,Prob. Real World,Truth Ratio Real World,ROUGE Retain,Prob. Retain,Truth Ratio Retain,ROUGE Forget,Prob. Forget,Truth Ratio Forget,Model Utility,Forget Quality,Method,Submitted By
0.386,0.3872480416799416,0.5740112499857388,0.6185185185185186,0.4652216060778706,0.64203885477172,0.26203068629922943,0.03802820661928414,0.5948426308095877,0.1812680945317168,0.00021519834904125534,0.36309451523270986,0.20439366494569997,0.019110717602022067,grad_diff,john
