ROUGE Real Authors,Prob. Real Authors,Truth Ratio Real Authors,ROUGE Real World,Prob. Real World,Truth Ratio Real World,ROUGE Retain,Prob. Retain,Truth Ratio Retain,ROUGE Forget,Prob. Forget,Truth Ratio Forget,Model Utility,Forget Quality,Method,Submitted By
0.251,0.34725859485425903,0.5260420129642596,0.08262108262108261,0.3415516133117499,0.5073652326437975,0.3701314881523765,0.3481315568311755,0.3395436658436597,0.0022222222222222222,1.508472894049443e-23,0.13917386787263425,0.2624952834686497,4.964601673905554e-06,grad_diff,john
