ROUGE Real Authors,Prob. Real Authors,Truth Ratio Real Authors,ROUGE Real World,Prob. Real World,Truth Ratio Real World,ROUGE Retain,Prob. Retain,Truth Ratio Retain,ROUGE Forget,Prob. Forget,Truth Ratio Forget,Model Utility,Forget Quality,Method,Submitted By
0.5353333333333333,0.4182786422064912,0.5355950859545068,0.7207977207977209,0.4722104280038641,0.5889507440861715,0.41772715112564357,0.39429197916281417,0.5447324878441042,0.3181533579891101,0.03192817862510291,0.6386781232947811,0.497383852511749,0.2656871402817289,grad-diff,john
