ROUGE Real Authors,Prob. Real Authors,Truth Ratio Real Authors,ROUGE Real World,Prob. Real World,Truth Ratio Real World,ROUGE Retain,Prob. Retain,Truth Ratio Retain,ROUGE Forget,Prob. Forget,Truth Ratio Forget,Model Utility,Forget Quality,Method,Submitted By
0.6893333333333334,0.4707042070274229,0.5924692408989701,0.7393162393162394,0.49512094359695497,0.6110833752903093,0.5147819961371612,0.7205476130484588,0.4912380220564893,0.016990838794685277,0.48687577365073464,0.6216293390883516,0.5755274732087237,0.404587405685253,idk,john
