ROUGE Real Authors,Prob. Real Authors,Truth Ratio Real Authors,ROUGE Real World,Prob. Real World,Truth Ratio Real World,ROUGE Retain,Prob. Retain,Truth Ratio Retain,ROUGE Forget,Prob. Forget,Truth Ratio Forget,Model Utility,Forget Quality,Method,Submitted By
0.4065,0.2980165018171526,0.30887159309637036,0.7239316239316239,0.3572377801654771,0.39660391344874285,0.4381731906330408,0.24721364588444095,0.18605786877942682,0.43161094913852743,0.23096083975490636,0.763294466095116,0.32778403786402927,2.3797467071606504e-06,dpo-counter-forget-05,john
