ROUGE Real Authors,Prob. Real Authors,Truth Ratio Real Authors,ROUGE Real World,Prob. Real World,Truth Ratio Real World,ROUGE Retain,Prob. Retain,Truth Ratio Retain,ROUGE Forget,Prob. Forget,Truth Ratio Forget,Model Utility,Forget Quality,Method,Submitted By
0.35816666666666663,0.29681564864145304,0.3047879650424553,0.7196581196581197,0.3489781296833062,0.380348470024284,0.43529517927774797,0.23592836263504807,0.17434724209189856,0.4398895877061916,0.22039379984147758,0.7713853614263911,0.31470916510451136,1.2161555648200794e-08,dpo-counter-forget-10,john
