ROUGE Real Authors,Prob. Real Authors,Truth Ratio Real Authors,ROUGE Real World,Prob. Real World,Truth Ratio Real World,ROUGE Retain,Prob. Retain,Truth Ratio Retain,ROUGE Forget,Prob. Forget,Truth Ratio Forget,Model Utility,Forget Quality,Method,Submitted By
0.42233333333333334,0.30444241261088495,0.32490611480450987,0.750997150997151,0.37009634430272464,0.41603650840109624,0.4510183096904116,0.2565237890401943,0.21176148342110085,0.45995992706263555,0.28295161802620983,0.7736577088222361,0.346083647022237,0.054141077480362725,dpo-counter,john
