ROUGE Real Authors,Prob. Real Authors,Truth Ratio Real Authors,ROUGE Real World,Prob. Real World,Truth Ratio Real World,ROUGE Retain,Prob. Retain,Truth Ratio Retain,ROUGE Forget,Prob. Forget,Truth Ratio Forget,Model Utility,Forget Quality,Method,Submitted By
0.0,0.24868875106701308,0.1939863665309784,0.0,0.24599875277417504,0.1549643297364856,0.005462893615336456,8.67347855284273e-43,0.11170478884509424,0.0030303629030186802,2.8065497298201777e-43,0.7915910455373296,0.0,2.5881511422773775e-12,grad_asc-f10,john
