ROUGE Real Authors,Prob. Real Authors,Truth Ratio Real Authors,ROUGE Real World,Prob. Real World,Truth Ratio Real World,ROUGE Retain,Prob. Retain,Truth Ratio Retain,ROUGE Forget,Prob. Forget,Truth Ratio Forget,Model Utility,Forget Quality,Method,Submitted By
0.3206666666666667,0.302378528052745,0.33837751941611693,0.684045584045584,0.3675704287273545,0.4118190724465152,0.3281103389792898,0.14737006889152868,0.22664264169706408,0.24466890017575213,0.011749026402306248,0.6461559573692407,0.2976463114334008,0.00018791118070078278,grad_asc,john
