ROUGE Real Authors,Prob. Real Authors,Truth Ratio Real Authors,ROUGE Real World,Prob. Real World,Truth Ratio Real World,ROUGE Retain,Prob. Retain,Truth Ratio Retain,ROUGE Forget,Prob. Forget,Truth Ratio Forget,Model Utility,Forget Quality,Method,Submitted By
0.0,0.2634591240514546,0.3990225913743907,0.0,0.25167097029440433,0.3272590875805984,0.00400848522116958,3.0911555618719847e-35,0.1527166979605903,0.0032584985737886783,6.524778907695994e-36,0.7397139810112008,0.0,3.432078828289855e-16,grad_asc-f05,john
