ROUGE Real Authors,Prob. Real Authors,Truth Ratio Real Authors,ROUGE Real World,Prob. Real World,Truth Ratio Real World,ROUGE Retain,Prob. Retain,Truth Ratio Retain,ROUGE Forget,Prob. Forget,Truth Ratio Forget,Model Utility,Forget Quality,Method,Submitted By
0.4053333333333333,0.45531096332401266,0.5603113636603638,0.6232193732193733,0.5154711794119369,0.6396287973729753,0.3679095594269387,0.33171076584285913,0.3737784836600165,0.009698251228429496,2.3735606949674793e-08,0.14636875172844804,0.450807068372247,4.992506819093735e-06,grad_diff,john
