ROUGE Real Authors,Prob. Real Authors,Truth Ratio Real Authors,ROUGE Real World,Prob. Real World,Truth Ratio Real World,ROUGE Retain,Prob. Retain,Truth Ratio Retain,ROUGE Forget,Prob. Forget,Truth Ratio Forget,Model Utility,Forget Quality,Method,Submitted By
0.21200000000000002,0.4663045572985068,0.6295377937685939,0.2004273504273504,0.5179223819472857,0.6833473240561918,0.3073776554572667,0.21444160445376653,0.37690824449785376,0.0,1.380907102416903e-34,0.17481309259604083,0.3284281857428215,3.1220103957688116e-05,grad_diff,john
