ROUGE Real Authors,Prob. Real Authors,Truth Ratio Real Authors,ROUGE Real World,Prob. Real World,Truth Ratio Real World,ROUGE Retain,Prob. Retain,Truth Ratio Retain,ROUGE Forget,Prob. Forget,Truth Ratio Forget,Model Utility,Forget Quality,Method,Submitted By
0.6843333333333333,0.47279477609096754,0.5949084709461797,0.7421652421652423,0.5186111677867182,0.6514293734784311,0.6483695701983729,0.7920419750605624,0.5521334811040992,0.5653063024103011,0.6935937210077452,0.44926883219783853,0.6129096336293036,0.0001829650414193673,grad_diff,john
