ROUGE Real Authors,Prob. Real Authors,Truth Ratio Real Authors,ROUGE Real World,Prob. Real World,Truth Ratio Real World,ROUGE Retain,Prob. Retain,Truth Ratio Retain,ROUGE Forget,Prob. Forget,Truth Ratio Forget,Model Utility,Forget Quality,Method,Submitted By
0.5259999999999999,0.4571960955621239,0.6296776703220364,0.6085470085470085,0.4972327616316853,0.6691823885536564,0.25103758455460706,0.005818692496045269,0.5399980168359882,0.12161683417627127,5.093194088562182e-05,0.3605348054122642,0.04774016840050047,4.594108833154727e-05,grad_diff,john
