ROUGE Real Authors,Prob. Real Authors,Truth Ratio Real Authors,ROUGE Real World,Prob. Real World,Truth Ratio Real World,ROUGE Retain,Prob. Retain,Truth Ratio Retain,ROUGE Forget,Prob. Forget,Truth Ratio Forget,Model Utility,Forget Quality,Method,Submitted By
0.3963333333333333,0.449721340926228,0.5447129530610091,0.6431623931623932,0.5078096075869786,0.6289562007986456,0.36628612159601176,0.31289280507067846,0.3607287213582022,0.011393183002308639,8.96392353838449e-08,0.13822256724584397,0.4412887953819675,9.359497255353099e-06,grad_diff,john
