ROUGE Real Authors,Prob. Real Authors,Truth Ratio Real Authors,ROUGE Real World,Prob. Real World,Truth Ratio Real World,ROUGE Retain,Prob. Retain,Truth Ratio Retain,ROUGE Forget,Prob. Forget,Truth Ratio Forget,Model Utility,Forget Quality,Method,Submitted By
0.28833333333333333,0.36433156439532716,0.4560545093589068,0.5924501424501424,0.4144224554431033,0.5372374466160297,0.36363994113875153,0.2762192783813931,0.2841426966697254,0.028547990391499294,4.112174532465002e-50,0.10912947093841478,0.3710177234800644,4.6283734970448555e-10,grad_diff,john
