ROUGE Real Authors,Prob. Real Authors,Truth Ratio Real Authors,ROUGE Real World,Prob. Real World,Truth Ratio Real World,ROUGE Retain,Prob. Retain,Truth Ratio Retain,ROUGE Forget,Prob. Forget,Truth Ratio Forget,Model Utility,Forget Quality,Method,Submitted By
0.3303333333333333,0.47446935260841383,0.6221504770944077,0.4717948717948718,0.5376470245836699,0.6837769985785676,0.32485181232412513,0.25975377837184754,0.3719776104853941,0.0,1.0159568700025987e-55,0.15159337452622595,0.4128319563495569,3.1220103957688116e-05,grad_diff,john
