ROUGE Real Authors,Prob. Real Authors,Truth Ratio Real Authors,ROUGE Real World,Prob. Real World,Truth Ratio Real World,ROUGE Retain,Prob. Retain,Truth Ratio Retain,ROUGE Forget,Prob. Forget,Truth Ratio Forget,Model Utility,Forget Quality,Method,Submitted By
0.3245,0.44254256256530367,0.564265966036973,0.43333333333333335,0.4933851732085355,0.6681364844637134,0.3699894393162116,0.28759353248013964,0.3819224515238955,0.011759387941179112,4.238233879436424e-47,0.10791847250639199,0.4139263915251075,1.0425211689619637e-10,grad_diff,john
