ROUGE Real Authors,Prob. Real Authors,Truth Ratio Real Authors,ROUGE Real World,Prob. Real World,Truth Ratio Real World,ROUGE Retain,Prob. Retain,Truth Ratio Retain,ROUGE Forget,Prob. Forget,Truth Ratio Forget,Model Utility,Forget Quality,Method,Submitted By
0.41450000000000004,0.44388130866472264,0.5415896044853408,0.513960113960114,0.49046476655530435,0.6150391636509058,0.3175293100844066,0.22276309958300886,0.3420095745213208,0.026218325856722482,0.00483035358397932,0.2195527729930087,0.3967454207071099,0.00043400563150399753,grad_diff,john
