ROUGE Real Authors,Prob. Real Authors,Truth Ratio Real Authors,ROUGE Real World,Prob. Real World,Truth Ratio Real World,ROUGE Retain,Prob. Retain,Truth Ratio Retain,ROUGE Forget,Prob. Forget,Truth Ratio Forget,Model Utility,Forget Quality,Method,Submitted By
0.38,0.4608298517413077,0.5661606491213838,0.6652421652421652,0.5128334869476714,0.6408752318070836,0.3512237246518841,0.2967352680076267,0.36571574282271035,0.0006666666666666668,1.056430309437044e-54,0.14506802103744149,0.4383199016138328,1.724228301384082e-05,grad_diff,john
