,Method,Checkpoint,data_set,Num_Epochs,Model_Used,ROUGE Real Authors,Prob. Real Authors,Truth Ratio Real Authors,ROUGE Real World,Prob. Real World,Truth Ratio Real World,ROUGE Retain,Prob. Retain,Truth Ratio Retain,ROUGE Forget,Prob. Forget,Truth Ratio Forget,Model Utility,Forget Quality
0,grad_ascent,125,forget10,10,gemma-2b,0.0,,0.418619969645097,0.0,,0.4426837078355227,0.0,0.0,0.4637856429059491,0.0,0.0,0.1199552151240929,,9.989855643801949e-09
1,grad_ascent,250,forget10,10,gemma-2b,0.0,,0.4205675623521167,0.0,,0.4388608953762903,0.0,0.0,0.4630020634444093,0.0,0.0,0.1195072429408291,,5.833570101401265e-09
2,grad_ascent,225,forget10,10,gemma-2b,0.0,,0.4194997563446403,0.0,,0.4376170489728144,0.0,0.0,0.4625691764975729,0.0,0.0,0.1195576324096731,,5.833570101401265e-09
3,grad_ascent,75,forget10,10,gemma-2b,0.0,,0.4184805996978227,0.0,,0.4307610465582452,0.0,0.0,0.4582537688520721,0.0,0.0,0.1211196063307471,,5.833570101401265e-09
4,grad_ascent,150,forget10,10,gemma-2b,0.0,,0.4211298559308951,0.0,,0.4394055394443142,0.0,0.0,0.4639003625433904,0.0,0.0,0.1184752202767573,,5.833570101401265e-09
5,grad_ascent,175,forget10,10,gemma-2b,0.0,,0.4199662526087422,0.0,,0.4403717351696261,0.0,0.0,0.463161704250995,0.0,0.0,0.1166950052869718,,5.833570101401265e-09
6,grad_ascent,50,forget10,10,gemma-2b,0.0,,0.4966950598725603,0.0,,0.4756596388501589,0.0,0.0,0.4919289277859353,0.0,0.0,0.1458697721186505,,1.6838489975883589e-06
7,grad_ascent,200,forget10,10,gemma-2b,0.0,,0.419987927430188,0.0,,0.4377880290329212,0.0,0.0,0.4638801407932112,0.0,0.0,0.119024979570887,,7.642474624394928e-09
