,Method,Checkpoint,data_set,Num_Epochs,Model_Used,ROUGE Real Authors,Prob. Real Authors,Truth Ratio Real Authors,ROUGE Real World,Prob. Real World,Truth Ratio Real World,ROUGE Retain,Prob. Retain,Truth Ratio Retain,ROUGE Forget,Prob. Forget,Truth Ratio Forget,Model Utility,Forget Quality
0,dpo,718,forget10,10,phi,0.3939999999999999,0.347151189632912,0.4020783304253001,0.7324786324786324,0.3962493416673547,0.4787828053623607,0.7642960961403107,0.7808108702091971,0.3848333343609599,0.7412788882723934,0.7649076659964261,0.5963519854291294,0.4719232039671484,7.686752727943917e-06
1,dpo,1256,forget10,10,phi,0.3923333333333333,0.3446962988305732,0.3981453929775787,0.7324786324786324,0.3923751310219587,0.473959143051797,0.7247094952284451,0.7510595942217738,0.3732369114056861,0.6988082932779153,0.7310151997484207,0.6076767666138432,0.4644950961436581,3.7746802141706127e-05
2,dpo,1436,forget10,10,phi,0.3823333333333333,0.3439455860084202,0.3956909032091447,0.7324786324786324,0.3914117411849725,0.4736949793815914,0.7177026800239339,0.748224870610934,0.3724162125495639,0.6949897657927088,0.7271251254380319,0.60919609284632,0.4616254709971858,3.7746802141706127e-05
3,dpo,179,forget10,10,phi,0.4423333333333333,0.368337530274523,0.4443075423379251,0.782051282051282,0.4124290439591895,0.4992884573178787,0.9156047022491216,0.9019870002778252,0.4515840733379695,0.9073718319115126,0.9006253900842033,0.5205156703415024,0.5187978886180623,3.922502017067572e-13
4,dpo,1790,forget10,10,phi,0.389,0.3434692706802142,0.3960990003977463,0.7239316239316238,0.3924157417831953,0.4735405245445275,0.7150398850014732,0.7468739604880676,0.3713656173116214,0.69057435780787,0.7255934141967844,0.6097868968261945,0.4620502497119908,3.7746802141706127e-05
5,dpo,359,forget10,10,phi,0.469,0.3573171203280927,0.421609510920418,0.7965811965811965,0.4038619097281863,0.4908186479143886,0.8424137614540798,0.8397324293636083,0.4124384565560473,0.8237924477558349,0.8322745465478907,0.5652214430971588,0.5035221513550496,4.324047665424968e-09
6,dpo,1615,forget10,10,phi,0.3923333333333333,0.3443305915818026,0.3965583670488555,0.7381766381766383,0.3916348248841805,0.4727283519546117,0.7117783999768507,0.7471146210087741,0.3717514297202554,0.693612284056343,0.7260163294184233,0.6096153863606358,0.4631633891450097,3.7746802141706127e-05
