num_epoch,Checkpoint,Method,data_set,Total_Epochs,Model_Used,ROUGE Real Authors,Prob. Real Authors,Truth Ratio Real Authors,ROUGE Real World,Prob. Real World,Truth Ratio Real World,ROUGE Retain,Prob. Retain,Truth Ratio Retain,ROUGE Forget,Prob. Forget,Truth Ratio Forget,Model Utility,Forget Quality
1.0,6,grad_ascent,forget01,5,gemma-2b,0.7193333333333334,0.4571982236215035,0.5741300561247914,0.7293447293447294,0.5046166303634032,0.6374026466350413,0.6963807698670457,0.8096292273049072,0.5505776678923093,0.721549881529274,0.829729658559908,0.4621520427546609,0.6110708323114044,0.0012708143485281
2.0,7,grad_ascent,forget01,5,gemma-2b,0.7193333333333334,0.4571982236215035,0.5741300561247914,0.7293447293447294,0.5046166303634032,0.6374026466350413,0.6963807698670457,0.8096292273049072,0.5505776678923093,0.721549881529274,0.829729658559908,0.4621520427546609,0.6110708323114044,0.0012708143485281
3.0,8,grad_ascent,forget01,5,gemma-2b,0.7193333333333334,0.4571982236215035,0.5741300561247914,0.7293447293447294,0.5046166303634032,0.6374026466350413,0.6963807698670457,0.8096292273049072,0.5505776678923093,0.721549881529274,0.829729658559908,0.4621520427546609,0.6110708323114044,0.0012708143485281
4.0,10,grad_ascent,forget01,5,gemma-2b,0.7193333333333334,0.4571982236215035,0.5741300561247914,0.7293447293447294,0.5046166303634032,0.6374026466350413,0.6963807698670457,0.8096292273049072,0.5505776678923093,0.721549881529274,0.829729658559908,0.4621520427546609,0.6110708323114044,0.0012708143485281
5.0,12,grad_ascent,forget01,5,gemma-2b,0.7193333333333334,0.4571982236215035,0.5741300561247914,0.7293447293447294,0.5046166303634032,0.6374026466350413,0.6963807698670457,0.8096292273049072,0.5505776678923093,0.721549881529274,0.829729658559908,0.4621520427546609,0.6110708323114044,0.0012708143485281
