ROUGE Real Authors,Prob. Real Authors,Truth Ratio Real Authors,ROUGE Real World,Prob. Real World,Truth Ratio Real World,ROUGE Retain,Prob. Retain,Truth Ratio Retain,ROUGE Forget,Prob. Forget,Truth Ratio Forget,Model Utility,Forget Quality,Method,Submitted By
0.08199999999999999,0.35033092324139004,0.4463411837906202,0.38874643874643877,0.40262724084268736,0.49122195614284264,0.3492984016441247,0.2557014673891223,0.4381612348127251,0.19121090062538018,0.00040890028084362154,0.6373125011419118,0.269156793690789,7.277526651183985e-09,grad_diff,john
