ROUGE Real Authors,Prob. Real Authors,Truth Ratio Real Authors,ROUGE Real World,Prob. Real World,Truth Ratio Real World,ROUGE Retain,Prob. Retain,Truth Ratio Retain,ROUGE Forget,Prob. Forget,Truth Ratio Forget,Model Utility,Forget Quality,Method,Submitted By
0.37733333333333335,0.37295509654631,0.45083341972778335,0.7571225071225071,0.413879210430184,0.504930203116912,0.9150840977800774,0.93060642026838,0.4861501313883893,0.8795447533104922,0.9054203342311484,0.4822583319090673,0.5145401546811609,5.100356615560927e-17,grad_diff,john
