ROUGE Real Authors,Prob. Real Authors,Truth Ratio Real Authors,ROUGE Real World,Prob. Real World,Truth Ratio Real World,ROUGE Retain,Prob. Retain,Truth Ratio Retain,ROUGE Forget,Prob. Forget,Truth Ratio Forget,Model Utility,Forget Quality,Method,Submitted By
0.035,0.29744063672539944,0.47791128710327596,0.22962962962962963,0.35418402891629835,0.4684347071238382,0.4049837048962914,0.39365872055746637,0.39004722986063645,0.002275828460038986,3.961390982297451e-06,0.4172637999164069,0.17677498741110248,1.4252308715018679e-07,grad_diff,john
