ROUGE Real Authors,Prob. Real Authors,Truth Ratio Real Authors,ROUGE Real World,Prob. Real World,Truth Ratio Real World,ROUGE Retain,Prob. Retain,Truth Ratio Retain,ROUGE Forget,Prob. Forget,Truth Ratio Forget,Model Utility,Forget Quality,Method,Submitted By
0.1768333333333333,0.3532801646738865,0.4524575503880171,0.4433048433048433,0.38478275688348595,0.4778208169035519,0.5597052991551689,0.6101390802324682,0.4161667078427039,0.0010416666666666667,1.2355465357033186e-06,0.4114407678173121,0.3834387636912364,1.4942294797261553e-09,grad_diff,john
