ROUGE Real Authors,Prob. Real Authors,Truth Ratio Real Authors,ROUGE Real World,Prob. Real World,Truth Ratio Real World,ROUGE Retain,Prob. Retain,Truth Ratio Retain,ROUGE Forget,Prob. Forget,Truth Ratio Forget,Model Utility,Forget Quality,Method,Submitted By
0.237,0.39531659011474646,0.47234177016811557,0.6377492877492879,0.4265037269747407,0.5176183409409586,0.4330581495244599,0.36302221482196256,0.42900671954114256,0.36140850584027656,0.11578780607817525,0.5679639858249197,0.4071384873129686,7.686752727943917e-06,grad_diff,john
