ROUGE Real Authors,Prob. Real Authors,Truth Ratio Real Authors,ROUGE Real World,Prob. Real World,Truth Ratio Real World,ROUGE Retain,Prob. Retain,Truth Ratio Retain,ROUGE Forget,Prob. Forget,Truth Ratio Forget,Model Utility,Forget Quality,Method,Submitted By
0.10949999999999999,0.34684052160547174,0.47501747434962527,0.3670940170940171,0.3841183357199522,0.4772282532560343,0.5086066636486735,0.554982107053339,0.4107548496309394,0.0,1.5688243243518072e-17,0.40072921453806476,0.3243684059602577,1.4942294797261553e-09,grad_diff,john
