ROUGE Real Authors,Prob. Real Authors,Truth Ratio Real Authors,ROUGE Real World,Prob. Real World,Truth Ratio Real World,ROUGE Retain,Prob. Retain,Truth Ratio Retain,ROUGE Forget,Prob. Forget,Truth Ratio Forget,Model Utility,Forget Quality,Method,Submitted By
0.09116666666666667,0.31567757638761335,0.44890371151737546,0.27521367521367524,0.3710799420174418,0.4890369868484786,0.47827156401434423,0.5009981223083041,0.4002791932636965,0.0011111111111111111,4.1555028356974694e-11,0.4068600940298768,0.28733149312540435,3.3247401264281346e-08,grad_diff,john
