ROUGE Real Authors,Prob. Real Authors,Truth Ratio Real Authors,ROUGE Real World,Prob. Real World,Truth Ratio Real World,ROUGE Retain,Prob. Retain,Truth Ratio Retain,ROUGE Forget,Prob. Forget,Truth Ratio Forget,Model Utility,Forget Quality,Method,Submitted By
0.1918333333333333,0.3562124174509297,0.4475320015880407,0.4760683760683761,0.39206756380618385,0.47884917442536507,0.5202047793517975,0.570562217932729,0.4061811404423896,0.0025555555555555553,1.2377814897075386e-05,0.40776024368426705,0.3890875350454229,4.324047665424968e-09,grad_diff,john
