ROUGE Real Authors,Prob. Real Authors,Truth Ratio Real Authors,ROUGE Real World,Prob. Real World,Truth Ratio Real World,ROUGE Retain,Prob. Retain,Truth Ratio Retain,ROUGE Forget,Prob. Forget,Truth Ratio Forget,Model Utility,Forget Quality,Method,Submitted By
0.10016666666666665,0.31846999758945094,0.45703466709173823,0.31866096866096866,0.37577546577281745,0.4988002039016028,0.5206111514738243,0.5789562065673999,0.42345485683282025,0.0,4.2667221893456026e-12,0.4148375685193079,0.3090119157740983,7.277526651183985e-09,grad_diff,john
