ROUGE Real Authors,Prob. Real Authors,Truth Ratio Real Authors,ROUGE Real World,Prob. Real World,Truth Ratio Real World,ROUGE Retain,Prob. Retain,Truth Ratio Retain,ROUGE Forget,Prob. Forget,Truth Ratio Forget,Model Utility,Forget Quality,Method,Submitted By
0.15183333333333335,0.350705010658525,0.45502785125298956,0.42478632478632483,0.381096040869436,0.47942737430672394,0.5645861691683539,0.616234552646393,0.41876788458005376,0.0010416666666666667,8.620287164430389e-07,0.4116761521389723,0.3676302678537458,5.01791941596116e-10,grad_diff,john
