,Method,Checkpoint,data_set,Num_Epochs,Model_Used,ROUGE Real Authors,Prob. Real Authors,Truth Ratio Real Authors,ROUGE Real World,Prob. Real World,Truth Ratio Real World,ROUGE Retain,Prob. Retain,Truth Ratio Retain,ROUGE Forget,Prob. Forget,Truth Ratio Forget,Model Utility,Forget Quality
0,idk,12,forget05,10,gemma-2b,0.7193333333333334,0.4571982236215035,0.5741300561247914,0.7293447293447294,0.5046166303634032,0.6374026466350413,0.6963807698670457,0.8096292273049072,0.5505776678923093,0.7268912905181645,0.8293688475946717,0.4314533177762555,0.6110708323114044,2.564543314097582e-07
1,idk,120,forget05,10,gemma-2b,0.6283333333333333,0.4411742214549666,0.5581920659217844,0.7737891737891738,0.4744827345603198,0.5858384993400676,0.5208431637090097,0.6431002867600137,0.4910305194544515,0.0170562476247039,0.4204211740093802,0.5584335539658746,0.5532330797677838,0.0017157267619421
2,idk,75,forget05,10,gemma-2b,0.5733333333333333,0.4372496636829593,0.5512287371565235,0.7905982905982906,0.4652662086122866,0.5794663735321604,0.458012515802372,0.5786064546752429,0.4852177307392408,0.0412137091937183,0.4051337875152823,0.5569533788994195,0.5307291296791848,0.0010901071445353
3,idk,62,forget05,10,gemma-2b,0.5433333333333333,0.4230009937259298,0.5298573136082078,0.7763532763532764,0.4493411250422904,0.5524274686802216,0.4514641586435579,0.5687963154208646,0.4807529934916617,0.0581700287381673,0.4247086760977752,0.5661409940054487,0.5152047639310718,0.0032939650934483
4,idk,87,forget05,10,gemma-2b,0.6183333333333333,0.4439138674287632,0.5598748154036611,0.8162393162393162,0.4680987293300904,0.584321981296216,0.4720923489338123,0.5952133299063597,0.4840371218995261,0.0126914974505761,0.4111452170174396,0.5632953276894516,0.542393217856016,0.0013701758289044
5,idk,50,forget05,10,gemma-2b,0.5333333333333333,0.4201441830627107,0.5182738635640789,0.7735042735042735,0.4511753526913056,0.5528251843104182,0.4106083583316712,0.5584232022233796,0.4646487650588509,0.0551718964847518,0.4259171025180891,0.5598948440463849,0.5033250618513848,0.002660191568016
