,Method,Checkpoint,data_set,Num_Epochs,Model_Used,ROUGE Real Authors,Prob. Real Authors,Truth Ratio Real Authors,ROUGE Real World,Prob. Real World,Truth Ratio Real World,ROUGE Retain,Prob. Retain,Truth Ratio Retain,ROUGE Forget,Prob. Forget,Truth Ratio Forget,Model Utility,Forget Quality
0,idk,125,forget10,5,phi,0.3006666666666667,0.3606047411014373,0.4196527641225678,0.7877492877492877,0.4050174356712589,0.4853530655673339,0.8624016690353348,0.9221210805432964,0.4816734127484945,0.1860979346368808,0.8143460849353253,0.4886809877904323,0.4838472126401912,4.499933086722873e-16
1,idk,75,forget10,5,phi,0.2406666666666667,0.3489347496330955,0.4000698875043544,0.762108262108262,0.4019796237343093,0.4791241962735034,0.7604632321065009,0.8975163145108573,0.4746815136884476,0.2253904896855066,0.8187057831731349,0.4950797063184476,0.4512775190679193,9.158954716915743e-16
2,idk,50,forget10,5,phi,0.2223333333333333,0.3529538817932915,0.4099295909072083,0.7492877492877492,0.408476293161418,0.4950108307108453,0.6724185579129293,0.8659598054604044,0.4640126171746361,0.2966794917787375,0.8150649812718654,0.5061338441871936,0.4418180245839513,1.4582054786325707e-14
