ROUGE Real Authors,Prob. Real Authors,Truth Ratio Real Authors,ROUGE Real World,Prob. Real World,Truth Ratio Real World,ROUGE Retain,Prob. Retain,Truth Ratio Retain,ROUGE Forget,Prob. Forget,Truth Ratio Forget,Model Utility,Forget Quality,Method,Submitted By
0.1353333333333333,0.318919528972325,0.5039259555675939,0.025213675213675214,0.3985865431047813,0.6467463090646676,0.33964317080805434,0.286398771172472,0.34713699168558676,0.0,5.2208458811553175e-51,0.16389243662176625,0.13731682173303414,3.6336575522820635e-06,grad_diff,john
