,Method,Checkpoint,data_set,Num_Epochs,Model_Used,ROUGE Real Authors,Prob. Real Authors,Truth Ratio Real Authors,ROUGE Real World,Prob. Real World,Truth Ratio Real World,ROUGE Retain,Prob. Retain,Truth Ratio Retain,ROUGE Forget,Prob. Forget,Truth Ratio Forget,Model Utility,Forget Quality
0,grad_diff,60,forget05,5,gemma-2b,0.1353333333333333,0.318919528972325,0.5039259555675939,0.0252136752136752,0.3985865431047813,0.6467463090646676,0.3396431708080543,0.286398771172472,0.3471369916855867,0.0,5.2208458811553175e-51,0.1638924366217662,0.1373168217330341,3.633657552282063e-06
1,grad_diff,48,forget05,5,gemma-2b,0.1033333333333333,0.3354700649781436,0.5310006600761868,0.0853276353276353,0.4326104669785214,0.6232953998291627,0.3298681007561569,0.2193154507502109,0.4382409161531416,0.0005263157894736,2.7782221169514328e-27,0.22223219853834,0.224719036152663,0.0002552019107909
