,Method,Checkpoint,data_set,Num_Epochs,Model_Used,ROUGE Real Authors,Prob. Real Authors,Truth Ratio Real Authors,ROUGE Real World,Prob. Real World,Truth Ratio Real World,ROUGE Retain,Prob. Retain,Truth Ratio Retain,ROUGE Forget,Prob. Forget,Truth Ratio Forget,Model Utility,Forget Quality
0,idk,17,forget01,10,phi,0.3973333333333333,0.3722754227425885,0.4460776385402786,0.75,0.4126417983457853,0.5034176878590017,0.910910437451766,0.9254359629816268,0.4781303345576098,0.7958384381665996,0.9052888410075411,0.4910143883214345,0.5155305513633863,0.0067607323035692
1,idk,15,forget01,10,phi,0.3873333333333333,0.3739980798528777,0.4540155602818996,0.7414529914529915,0.4115548419057418,0.5014237607880195,0.9213480067903188,0.9312687127930456,0.484390468084005,0.9544952733048004,0.9327600889894516,0.4750028953358932,0.5156237353138797,0.0030181840772283
2,idk,10,forget01,10,phi,0.3873333333333333,0.3739980798528777,0.4540155602818996,0.7414529914529915,0.4115548419057418,0.5014237607880195,0.9213480067903188,0.9312687127930456,0.484390468084005,0.9544952733048004,0.9327600889894516,0.4750028953358932,0.5156237353138797,0.0030181840772283
3,idk,12,forget01,10,phi,0.3873333333333333,0.3739980798528777,0.4540155602818996,0.7414529914529915,0.4115548419057418,0.5014237607880195,0.9213480067903188,0.9312687127930456,0.484390468084005,0.9544952733048004,0.9327600889894516,0.4750028953358932,0.5156237353138797,0.0030181840772283
4,idk,5,forget01,10,phi,0.3873333333333333,0.3739980798528777,0.4540155602818996,0.7414529914529915,0.4115548419057418,0.5014237607880195,0.9213480067903188,0.9312687127930456,0.484390468084005,0.9544952733048004,0.9327600889894516,0.4750028953358932,0.5156237353138797,0.0030181840772283
5,idk,7,forget01,10,phi,0.3873333333333333,0.3739980798528777,0.4540155602818996,0.7414529914529915,0.4115548419057418,0.5014237607880195,0.9213480067903188,0.9312687127930456,0.484390468084005,0.9544952733048004,0.9327600889894516,0.4750028953358932,0.5156237353138797,0.0030181840772283
6,idk,2,forget01,10,phi,0.3873333333333333,0.3739980798528777,0.4540155602818996,0.7414529914529915,0.4115548419057418,0.5014237607880195,0.9213480067903188,0.9312687127930456,0.484390468084005,0.9544952733048004,0.9327600889894516,0.4750028953358932,0.5156237353138797,0.0030181840772283
