ROUGE Real Authors,Prob. Real Authors,Truth Ratio Real Authors,ROUGE Real World,Prob. Real World,Truth Ratio Real World,ROUGE Retain,Prob. Retain,Truth Ratio Retain,ROUGE Forget,Prob. Forget,Truth Ratio Forget,Model Utility,Forget Quality,Method,Submitted By
0.12283333333333331,0.36653539610998676,0.44158516867646747,0.4126780626780627,0.40039065203552165,0.48735173094504824,0.4718472305869216,0.5299136701239869,0.41713514057235884,0.02126889181920452,2.591402616684411e-27,0.4412327133101879,0.33949032083547065,2.9607827368482373e-05,grad_diff,john
