ROUGE Real Authors,Prob. Real Authors,Truth Ratio Real Authors,ROUGE Real World,Prob. Real World,Truth Ratio Real World,ROUGE Retain,Prob. Retain,Truth Ratio Retain,ROUGE Forget,Prob. Forget,Truth Ratio Forget,Model Utility,Forget Quality,Method,Submitted By
0.12016666666666666,0.36809990572997575,0.4400591878061198,0.4613960113960114,0.40220278233878953,0.48417841398521955,0.49903652966100603,0.5613537192632583,0.4221159984895342,0.0008230648550415992,2.2053334657905134e-28,0.4188340640051385,0.3437195841104131,1.1150402145378719e-05,grad_diff,john
