ROUGE Real Authors,Prob. Real Authors,Truth Ratio Real Authors,ROUGE Real World,Prob. Real World,Truth Ratio Real World,ROUGE Retain,Prob. Retain,Truth Ratio Retain,ROUGE Forget,Prob. Forget,Truth Ratio Forget,Model Utility,Forget Quality,Method,Submitted By
0.252,0.3688883742408629,0.43313787760673317,0.6434472934472935,0.3921655331180031,0.4680274196800379,0.44846763421901853,0.43390280846879486,0.43873415433000107,0.3590280189036544,0.13189738541893342,0.5490823705304273,0.4083058907935321,0.0001183661896190048,grad_diff,john
