ROUGE Real Authors,Prob. Real Authors,Truth Ratio Real Authors,ROUGE Real World,Prob. Real World,Truth Ratio Real World,ROUGE Retain,Prob. Retain,Truth Ratio Retain,ROUGE Forget,Prob. Forget,Truth Ratio Forget,Model Utility,Forget Quality,Method,Submitted By
0.015,0.36213619198545866,0.4724957939714604,0.15341880341880346,0.39844245021572794,0.5185017052137325,0.07947749784587015,0.01733222429172061,0.508850865686054,0.029345378985864264,2.8976525642840305e-05,0.5868110774177432,0.058160431492857725,1.1150402145378719e-05,grad_diff,john
