ROUGE Real Authors,Prob. Real Authors,Truth Ratio Real Authors,ROUGE Real World,Prob. Real World,Truth Ratio Real World,ROUGE Retain,Prob. Retain,Truth Ratio Retain,ROUGE Forget,Prob. Forget,Truth Ratio Forget,Model Utility,Forget Quality,Method,Submitted By
0.18366666666666667,0.37919615068129725,0.4680139994618899,0.5878917378917379,0.3955591804551502,0.4908738449866426,0.4185021747856986,0.43757520465265315,0.4495575579148025,0.2681781178458519,0.016192610565736034,0.5989720925557053,0.38487953809176134,0.7125821300149116,grad_diff,john
