ROUGE Real Authors,Prob. Real Authors,Truth Ratio Real Authors,ROUGE Real World,Prob. Real World,Truth Ratio Real World,ROUGE Retain,Prob. Retain,Truth Ratio Retain,ROUGE Forget,Prob. Forget,Truth Ratio Forget,Model Utility,Forget Quality,Method,Submitted By
0.13783333333333334,0.3802699721225566,0.48411676546684645,0.45783475783475786,0.42142553755279644,0.5149088247728747,0.46618612399340276,0.5045845472355948,0.45568215483177077,0.07169367513227586,5.123772012503839e-09,0.5882465606694797,0.3633272405572327,1.1150402145378719e-05,grad_diff,john
