ROUGE Real Authors,Prob. Real Authors,Truth Ratio Real Authors,ROUGE Real World,Prob. Real World,Truth Ratio Real World,ROUGE Retain,Prob. Retain,Truth Ratio Retain,ROUGE Forget,Prob. Forget,Truth Ratio Forget,Model Utility,Forget Quality,Method,Submitted By
0.4073333333333333,0.3695725972408529,0.444198623885361,0.7528490028490028,0.41532232823840054,0.5044924795319895,0.8606019541593382,0.911843686926846,0.4831387645706117,0.6461852037609929,0.7501398256958035,0.4762962122917547,0.5155003287251697,1.4275699621532978e-12,grad_diff,john
