ROUGE Real Authors,Prob. Real Authors,Truth Ratio Real Authors,ROUGE Real World,Prob. Real World,Truth Ratio Real World,ROUGE Retain,Prob. Retain,Truth Ratio Retain,ROUGE Forget,Prob. Forget,Truth Ratio Forget,Model Utility,Forget Quality,Method,Submitted By
0.13366666666666666,0.37000502233483135,0.45984127854137336,0.3927350427350428,0.40409118556105067,0.49333912147249365,0.4521736144476023,0.49505810597498123,0.4243196520472044,0.07394330541035098,1.185111723909697e-24,0.480477131066684,0.34622331734361694,1.1150402145378719e-05,grad_diff,john
