ROUGE Real Authors,Prob. Real Authors,Truth Ratio Real Authors,ROUGE Real World,Prob. Real World,Truth Ratio Real World,ROUGE Retain,Prob. Retain,Truth Ratio Retain,ROUGE Forget,Prob. Forget,Truth Ratio Forget,Model Utility,Forget Quality,Method,Submitted By
0.15349999999999997,0.3715203955860261,0.4433045658158176,0.4425925925925926,0.4059960141423921,0.48714683356901634,0.5148215417805794,0.5743110214643584,0.42057728221075663,0.004763085571805787,9.245266560292497e-07,0.41738704973724355,0.37039065428814283,4.024806511439489e-06,grad_diff,john
