ROUGE Real Authors,Prob. Real Authors,Truth Ratio Real Authors,ROUGE Real World,Prob. Real World,Truth Ratio Real World,ROUGE Retain,Prob. Retain,Truth Ratio Retain,ROUGE Forget,Prob. Forget,Truth Ratio Forget,Model Utility,Forget Quality,Method,Submitted By
0.107,0.37883244571491576,0.47431563937827337,0.4198005698005698,0.4045648929172502,0.5120902801116515,0.2603218216933206,0.1725261670427534,0.460439772418715,0.1701073866251133,0.0014705976322086638,0.5136273154554356,0.27514607367680805,0.0030098470801667434,grad_diff,john
