num_epoch,Checkpoint,Method,data_set,Total_Epochs,Model_Used,ROUGE Real Authors,Prob. Real Authors,Truth Ratio Real Authors,ROUGE Real World,Prob. Real World,Truth Ratio Real World,ROUGE Retain,Prob. Retain,Truth Ratio Retain,ROUGE Forget,Prob. Forget,Truth Ratio Forget,Model Utility,Forget Quality
1.6666666666666667,36,grad_diff,forget05,5,phi,0.207,0.367463599158558,0.4317349112897164,0.6405982905982905,0.395765362499158,0.4728887381112902,0.477709147917734,0.4961617661918307,0.4476804115712307,0.3843174250772755,0.1798384705641087,0.5317659046527181,0.4015437721970966,2.9607827368482373e-05
3.3333333333333335,48,grad_diff,forget05,5,phi,0.1953333333333333,0.3731629332209353,0.4464434797735624,0.5693732193732194,0.395566897601152,0.4838960010456401,0.43430674050145,0.440258840728214,0.4487393531619598,0.3048340743731584,0.0406543011866808,0.6034469332401354,0.3880574144465596,0.2704743832803917
5.0,60,grad_diff,forget05,5,phi,0.107,0.3788324457149157,0.4743156393782733,0.4198005698005698,0.4045648929172502,0.5120902801116515,0.2603218216933206,0.1725261670427534,0.460439772418715,0.1701073866251133,0.0014705976322086,0.5136273154554356,0.275146073676808,0.0030098470801667
