,Method,Submitted By,Checkpoint,data_set,Num_Epochs,Model_Used,ROUGE Real Authors,Prob. Real Authors,Truth Ratio Real Authors,ROUGE Real World,Prob. Real World,Truth Ratio Real World,ROUGE Retain,Prob. Retain,Truth Ratio Retain,ROUGE Forget,Prob. Forget,Truth Ratio Forget,Model Utility,Forget Quality
0,KL,john,125,forget10,5,gemma-2b,0.0,,0.4313065809554619,0.0092592592592592,,0.4514113287085169,0.0164291296571838,0.0,0.4646107796162584,0.0120995038152625,0.0,0.1177291783174705,,7.642474624394928e-09
1,KL,john,75,forget10,5,gemma-2b,0.0,,0.4427913856551878,0.0,,0.4653956816766221,0.017281659122005,0.0,0.4647997591863788,0.0149183119616975,0.0,0.1221719575685904,,4.442780266976635e-09
2,KL,john,50,forget10,5,gemma-2b,0.0,,0.5601872362518275,0.0,,0.6158564184834946,0.0,0.0,0.4233041414025493,0.0,0.0,0.1541101772302498,,2.2016250191801383e-08
3,KL,john,25,forget10,5,gemma-2b,0.7193333333333334,0.4559330187779955,0.5686016164423623,0.7606837606837606,0.5048908799228075,0.6331410876324034,0.6029946823129622,0.73515301471639,0.5197879951784624,0.5567756159804043,0.6738281393489437,0.4823361046803393,0.5936929004534928,0.0006053930398491
4,KL,john,100,forget10,5,gemma-2b,0.0,,0.4322405916934466,0.0,,0.4545718886466106,0.0163614771747986,0.0,0.4578501545583198,0.0109842357897535,0.0,0.1112974978811784,,5.833570101401265e-09
