,Method,Checkpoint,data_set,Num_Epochs,Model_Used,ROUGE Real Authors,Prob. Real Authors,Truth Ratio Real Authors,ROUGE Real World,Prob. Real World,Truth Ratio Real World,ROUGE Retain,Prob. Retain,Truth Ratio Retain,ROUGE Forget,Prob. Forget,Truth Ratio Forget,Model Utility,Forget Quality
0,grad_ascent,12,forget05,10,phi,0.3873333333333333,0.3739980798528777,0.4540155602818996,0.7414529914529915,0.4115548419057418,0.5014237607880195,0.9213480067903188,0.9312687127930456,0.484390468084005,0.9324412299112882,0.9316437738737936,0.4720095226626791,0.5156237353138797,2.962348735693602e-13
1,grad_ascent,120,forget05,10,phi,0.0,0.2616077016850757,0.4372193019020613,0.0,0.241796962793535,0.3761962342900497,0.0052018539603695,1.2870827097244367e-40,0.194733374228825,0.0042901120817262,1.5682838034347915e-40,0.5506624517109513,0.0,2.3797467071606504e-06
2,grad_ascent,75,forget05,10,phi,0.0,0.2813211084910716,0.4343909107605433,0.0,0.242914349008084,0.3924939382431529,0.0052018539603695,1.0641761038331002e-37,0.1747638142724731,0.0042901120817262,6.925305739110009e-38,0.6012622003402939,0.0,2.3797467071606504e-06
3,grad_ascent,62,forget05,10,phi,0.0,0.2783374172429703,0.4015355925866531,0.0,0.2553555818419519,0.3471936554659166,0.0054139751724907,9.054415483527134e-31,0.1318943831414083,0.0042901120817262,3.913839911009168e-31,0.7095272233106299,0.0,6.568964585936946e-12
4,grad_ascent,87,forget05,10,phi,0.0,0.2795153514137026,0.4420250987413656,0.0,0.2417968890173195,0.4028020989708046,0.0052018539603695,2.1772174664517494e-39,0.1888428182758174,0.0042901120817262,1.6965658027214948e-39,0.5718816237925389,0.0,1.115040214537872e-05
5,grad_ascent,50,forget05,10,phi,0.0,0.2387500775685767,0.2330476817310603,0.0,0.2704279266441359,0.2805443065660095,0.0051582031667187,9.844096980064211e-15,0.1834059691134421,0.0042901120817262,4.521795012350613e-15,0.7365877855709198,0.0,6.568964585936946e-12
