ROUGE Real Authors,Prob. Real Authors,Truth Ratio Real Authors,ROUGE Real World,Prob. Real World,Truth Ratio Real World,ROUGE Retain,Prob. Retain,Truth Ratio Retain,ROUGE Forget,Prob. Forget,Truth Ratio Forget,Model Utility,Forget Quality,Method,Submitted By
0.4006666666666667,0.36778757551318647,0.4453779586671764,0.7517094017094017,0.40632670596061315,0.4947344476177459,0.8539801240305549,0.903326438981194,0.49059629411519684,0.5134801307941836,0.43041020819208153,0.5082335765445019,0.5116808407947245,0.01430154804770646,grad_ascent,john
