ROUGE Real Authors,Prob. Real Authors,Truth Ratio Real Authors,ROUGE Real World,Prob. Real World,Truth Ratio Real World,ROUGE Retain,Prob. Retain,Truth Ratio Retain,ROUGE Forget,Prob. Forget,Truth Ratio Forget,Model Utility,Forget Quality,Method,Submitted By
0.42733333333333334,0.37617444850475584,0.4541170811536269,0.7659544159544159,0.4101663070497062,0.5018005213104402,0.8691155878667823,0.914209317660111,0.49313994226332664,0.5205598147916287,0.48005832594781295,0.5001000145400688,0.522976440429401,0.006760732303569208,grad_diff,john
