,Method,Checkpoint,data_set,Num_Epochs,Model_Used,ROUGE Real Authors,Prob. Real Authors,Truth Ratio Real Authors,ROUGE Real World,Prob. Real World,Truth Ratio Real World,ROUGE Retain,Prob. Retain,Truth Ratio Retain,ROUGE Forget,Prob. Forget,Truth Ratio Forget,Model Utility,Forget Quality
0,grad_ascent,12,forget05,10,gemma-2b,0.7193333333333334,0.4571982236215035,0.5741300561247914,0.7293447293447294,0.5046166303634032,0.6374026466350413,0.6963807698670457,0.8096292273049072,0.5505776678923093,0.7268912905181645,0.8293688475946717,0.4314533177762555,0.6110708323114044,2.564543314097582e-07
1,grad_ascent,120,forget05,10,gemma-2b,0.0,0.2901834913672729,0.5078194208913408,0.0,0.2362338032916183,0.4782700353002597,0.0,6.391268849801044e-61,0.4047430865928584,0.0,1.062051801271024e-62,0.1591841671566669,0.0,1.6593499647066117e-05
2,grad_ascent,75,forget05,10,gemma-2b,0.0,0.2784265124316183,0.5114378603865791,0.0,0.2103514453730562,0.4875191791673199,0.0,5.018405791819927e-56,0.4307409348215234,0.0,1.0204970962952042e-57,0.1626734803979092,0.0,1.9219937215692353e-06
3,grad_ascent,62,forget05,10,gemma-2b,0.0,0.2684237154947267,0.5087776744060956,0.0,0.2009126316261545,0.4954360782127229,0.0,1.1867901881084203e-53,0.4314918097895057,0.0,2.144848599037034e-55,0.1678648143615491,0.0,9.993842600871629e-07
4,grad_ascent,87,forget05,10,gemma-2b,0.0,0.2862957275120759,0.5054040840290432,0.0,0.2173490177101114,0.4736052417132857,0.0,1.689840609644796e-58,0.4215447467337277,0.0,1.2084427777826062e-59,0.1556304139685865,0.0,1.3889184406484716e-06
5,grad_ascent,50,forget05,10,gemma-2b,0.0,0.2689857523897788,0.5194201931704514,0.0,0.2029683505252457,0.4957041342012654,0.0,1.9638734029813714e-50,0.4235007358220175,0.0,6.937874018541888e-53,0.1746969170906382,0.0,1.3889184406484716e-06
