ROUGE Real Authors,Prob. Real Authors,Truth Ratio Real Authors,ROUGE Real World,Prob. Real World,Truth Ratio Real World,ROUGE Retain,Prob. Retain,Truth Ratio Retain,ROUGE Forget,Prob. Forget,Truth Ratio Forget,Model Utility,Forget Quality,Method,Submitted By
0.7193333333333334,0.45635700681804686,0.5734181508673395,0.7435897435897436,0.5022078222242665,0.634186532330357,0.6922212178871714,0.8065216688692518,0.5409077783753454,0.7071183741208401,0.8152366450200192,0.478461802250817,0.6092817799500192,0.006760732303569208,dpo,john
