,Method,Checkpoint,data_set,Num_Epochs,Model_Used,ROUGE Real Authors,Prob. Real Authors,Truth Ratio Real Authors,ROUGE Real World,Prob. Real World,Truth Ratio Real World,ROUGE Retain,Prob. Retain,Truth Ratio Retain,ROUGE Forget,Prob. Forget,Truth Ratio Forget,Model Utility,Forget Quality
0,grad_ascent,17,forget01,10,phi,0.4206666666666667,0.3641214694683635,0.4431961243505787,0.7656695156695156,0.4057150397969738,0.4945799131549449,0.8765434810114764,0.9077024462573976,0.4868529335493074,0.5513304719093669,0.5696984905457005,0.5007235429146863,0.5151943087009834,0.0067607323035692
1,grad_ascent,16,forget01,10,phi,0.4473333333333333,0.367333673336978,0.4463177206720752,0.7585470085470085,0.4081975896577696,0.4971066364573438,0.9130616264923894,0.9228312616478302,0.4846969464195043,0.6836007289574382,0.770776391999915,0.4881746530552382,0.5226458418747915,0.0030181840772283
2,grad_ascent,14,forget01,10,phi,0.3973333333333333,0.3721253215338789,0.4511973915473236,0.7286324786324786,0.4107593895514154,0.5018922883077644,0.9221515253463276,0.9302421326354464,0.4851128464354019,0.8817802310009789,0.9078872256906918,0.4758952951320703,0.5160383500572593,0.0030181840772283
3,grad_ascent,15,forget01,10,phi,0.4473333333333333,0.367333673336978,0.4463177206720752,0.7585470085470085,0.4081975896577696,0.4971066364573438,0.9130616264923894,0.9228312616478302,0.4846969464195043,0.6836007289574382,0.770776391999915,0.4881746530552382,0.5226458418747915,0.0030181840772283
4,grad_ascent,10,forget01,10,phi,0.3873333333333333,0.3739980798528777,0.4540155602818996,0.7414529914529915,0.4115548419057418,0.5014237607880195,0.9213480067903188,0.9312687127930456,0.484390468084005,0.9544952733048004,0.9327600889894516,0.4750028953358932,0.5156237353138797,0.0030181840772283
5,grad_ascent,12,forget01,10,phi,0.3873333333333333,0.3739980798528777,0.4540155602818996,0.7414529914529915,0.4115548419057418,0.5014237607880195,0.9213480067903188,0.9312687127930456,0.484390468084005,0.9544952733048004,0.9327600889894516,0.4750028953358932,0.5156237353138797,0.0030181840772283
