ROUGE Real Authors,Prob. Real Authors,Truth Ratio Real Authors,ROUGE Real World,Prob. Real World,Truth Ratio Real World,ROUGE Retain,Prob. Retain,Truth Ratio Retain,ROUGE Forget,Prob. Forget,Truth Ratio Forget,Model Utility,Forget Quality,Method,Submitted By
0.6843333333333333,0.473018846378145,0.5963214437703556,0.737891737891738,0.5193452158387628,0.6540790096362219,0.6486474233051029,0.791964906157835,0.5524160017688584,0.5639735722068732,0.6934630611787311,0.44867669893536305,0.6132265745369089,0.0001829650414193673,grad_diff,john
