ROUGE Real Authors,Prob. Real Authors,Truth Ratio Real Authors,ROUGE Real World,Prob. Real World,Truth Ratio Real World,ROUGE Retain,Prob. Retain,Truth Ratio Retain,ROUGE Forget,Prob. Forget,Truth Ratio Forget,Model Utility,Forget Quality,Method,Submitted By
0.07666666666666666,0.35182494343678816,0.536165174824013,0.018518518518518517,nan,0.5151004153727953,0.10154981948296864,0.05360557471692022,0.35120744135442356,0.004529220831877378,1.1911019031921381e-129,0.10518947894899026,nan,6.19103424065554e-10,grad_diff,john
