ROUGE Real Authors,Prob. Real Authors,Truth Ratio Real Authors,ROUGE Real World,Prob. Real World,Truth Ratio Real World,ROUGE Retain,Prob. Retain,Truth Ratio Retain,ROUGE Forget,Prob. Forget,Truth Ratio Forget,Model Utility,Forget Quality,Method,Submitted By
0.06533333333333334,0.38602475228255145,0.5068188035945864,0.017094017094017096,nan,0.5637915612542553,0.11709937842478733,0.022215361343046747,0.3656699674425303,0.009114482060814248,0.00019020856516612525,0.14537925760697507,nan,4.6283734970448555e-10,grad_diff,john
