ROUGE Real Authors,Prob. Real Authors,Truth Ratio Real Authors,ROUGE Real World,Prob. Real World,Truth Ratio Real World,ROUGE Retain,Prob. Retain,Truth Ratio Retain,ROUGE Forget,Prob. Forget,Truth Ratio Forget,Model Utility,Forget Quality,Method,Submitted By
0.44933333333333336,0.4637329107516807,0.6231700145990315,0.6535612535612536,0.5007250545201453,0.6461691478900667,0.25327845226325946,0.005732793573302849,0.5746061649426408,0.11045673852041828,1.7951287078667195e-05,0.4028424511996177,0.04707483039257473,6.709584008474486e-05,grad_diff,john
