,Method,Submitted By,Checkpoint,data_set,Num_Epochs,Model_Used,ROUGE Real Authors,Prob. Real Authors,Truth Ratio Real Authors,ROUGE Real World,Prob. Real World,Truth Ratio Real World,ROUGE Retain,Prob. Retain,Truth Ratio Retain,ROUGE Forget,Prob. Forget,Truth Ratio Forget,Model Utility,Forget Quality
0,grad_diff,john,125,forget10,5,gemma-2b,0.13,0.3566477301856504,0.5104706734031778,0.0491452991452991,,0.4894091807912161,0.1719934415698863,0.0815264030445334,0.3404521302370272,0.0004444444444444,0.0,0.1113063352971067,,4.628373497044855e-10
1,grad_diff,john,75,forget10,5,gemma-2b,0.0653333333333333,0.3860247522825514,0.5068188035945864,0.017094017094017,,0.5637915612542553,0.1170993784247873,0.0222153613430467,0.3656699674425303,0.0091144820608142,0.0001902085651661,0.145379257606975,,4.628373497044855e-10
2,grad_diff,john,50,forget10,5,gemma-2b,0.4493333333333333,0.4637329107516807,0.6231700145990315,0.6535612535612536,0.5007250545201453,0.6461691478900667,0.2532784522632594,0.0057327935733028,0.5746061649426408,0.1104567385204182,1.7951287078667195e-05,0.4028424511996177,0.0470748303925747,6.709584008474486e-05
3,grad_diff,john,25,forget10,5,gemma-2b,0.6843333333333333,0.473018846378145,0.5963214437703556,0.737891737891738,0.5193452158387628,0.6540790096362219,0.6486474233051029,0.791964906157835,0.5524160017688584,0.5639735722068732,0.6934630611787311,0.448676698935363,0.6132265745369089,0.0001829650414193
4,grad_diff,john,100,forget10,5,gemma-2b,0.0766666666666666,0.3518249434367881,0.536165174824013,0.0185185185185185,,0.5151004153727953,0.1015498194829686,0.0536055747169202,0.3512074413544235,0.0045292208318773,1.191101903192138e-129,0.1051894789489902,,6.19103424065554e-10
