num_epoch,Checkpoint,Method,data_set,Total_Epochs,Model_Used,ROUGE Real Authors,Prob. Real Authors,Truth Ratio Real Authors,ROUGE Real World,Prob. Real World,Truth Ratio Real World,ROUGE Retain,Prob. Retain,Truth Ratio Retain,ROUGE Forget,Prob. Forget,Truth Ratio Forget,Model Utility,Forget Quality
1.0,25,grad_diff,forget10,5,gemma-2b,0.7093333333333334,0.4601467582655636,0.5771435928875436,0.737891737891738,0.5076173564868565,0.6399220042016646,0.6719771264016117,0.806198433837983,0.5552721018790169,0.6258248903982907,0.7580931838838361,0.4413884741797047,0.6108731364248067,0.0001399455672486
2.0,50,grad_diff,forget10,5,gemma-2b,0.6629999999999999,0.4793191695316589,0.6023680589330656,0.7507122507122508,0.5450594652956339,0.6716322916205025,0.3607465251609343,0.3077360222499894,0.547087838098664,0.2076713638571359,0.0179187470487817,0.5294673482976423,0.5067632897444597,0.0107288090758222
3.0,75,grad_diff,forget10,5,gemma-2b,0.304,0.3909548746561013,0.4690817824786266,0.5575498575498575,0.402377494329275,0.5173506131088417,0.2796273140625697,0.2010747102154355,0.2768828687958521,0.0567832230519218,0.0101042270014184,0.2175598188660096,0.341530662055117,4.033087967816214e-06
4.0,100,grad_diff,forget10,5,gemma-2b,0.2865,0.4055280996440203,0.5749599648385011,0.4773504273504273,0.3687044660909069,0.49893334946098,0.289237289440563,0.1677900439281797,0.3205320533259537,0.046199394847626,0.0106711362955594,0.1530751926802061,0.3327915460082536,7.642474624394928e-09
5.0,125,grad_diff,forget10,5,gemma-2b,0.3036666666666667,,0.53748581882428,0.4656695156695157,,0.552393122810831,0.3451175156934487,0.2462066832563569,0.2895861054157382,0.0348701543918765,0.0122592106026291,0.1554571756317646,,1.6955418119564408e-08
