ROUGE Real Authors,Prob. Real Authors,Truth Ratio Real Authors,ROUGE Real World,Prob. Real World,Truth Ratio Real World,ROUGE Retain,Prob. Retain,Truth Ratio Retain,ROUGE Forget,Prob. Forget,Truth Ratio Forget,Model Utility,Forget Quality,Method,Submitted By
0.4256666666666667,0.3695820754855763,0.44798532990503553,0.7431623931623932,0.40335860553989766,0.4903059547281299,0.881775821424372,0.9161634646860911,0.49154803463250896,0.6133184694131032,0.6319270869327877,0.49264295037402606,0.5168988371774649,0.006760732303569208,grad_diff,john
