ROUGE Real Authors,Prob. Real Authors,Truth Ratio Real Authors,ROUGE Real World,Prob. Real World,Truth Ratio Real World,ROUGE Retain,Prob. Retain,Truth Ratio Retain,ROUGE Forget,Prob. Forget,Truth Ratio Forget,Model Utility,Forget Quality,Method,Submitted By
0.3856666666666667,0.3686466722110609,0.44849096648601205,0.7517094017094017,0.3997056468797536,0.4846683648002349,0.8421765315705112,0.8965631368191112,0.4938508817090417,0.5207820958349698,0.4650893422309216,0.5057596710941683,0.5068047531245039,0.02860307028023343,grad_diff,john
