ROUGE Real Authors,Prob. Real Authors,Truth Ratio Real Authors,ROUGE Real World,Prob. Real World,Truth Ratio Real World,ROUGE Retain,Prob. Retain,Truth Ratio Retain,ROUGE Forget,Prob. Forget,Truth Ratio Forget,Model Utility,Forget Quality,Method,Submitted By
0.3973333333333333,0.3734923656151111,0.45322492303692824,0.7457264957264957,0.4110903068118748,0.49791912743770517,0.9265056425706969,0.9311412948173343,0.4855634051670601,0.8853237515793995,0.91623130641284,0.47540839926748324,0.5173827432272013,0.003018184077228396,grad_diff,john
