ROUGE Real Authors,Prob. Real Authors,Truth Ratio Real Authors,ROUGE Real World,Prob. Real World,Truth Ratio Real World,ROUGE Retain,Prob. Retain,Truth Ratio Retain,ROUGE Forget,Prob. Forget,Truth Ratio Forget,Model Utility,Forget Quality,Method,Submitted By
0.3956666666666667,0.3683887163987045,0.44607686312031,0.7585470085470085,0.40571782875114615,0.49834652258319734,0.8543617937563006,0.9050902910760313,0.49026602216677084,0.5112753953164204,0.43128279478890297,0.5092116672659467,0.5117003586296968,0.01430154804770646,KL,john
