ROUGE Real Authors,Prob. Real Authors,Truth Ratio Real Authors,ROUGE Real World,Prob. Real World,Truth Ratio Real World,ROUGE Retain,Prob. Retain,Truth Ratio Retain,ROUGE Forget,Prob. Forget,Truth Ratio Forget,Model Utility,Forget Quality,Method,Submitted By
0.237,0.3953602891123528,0.4724858347485897,0.6434472934472935,0.4266301717321755,0.5186392379523198,0.4300196415683275,0.3691715745786192,0.43058134879755583,0.36595514350151176,0.11952050537112617,0.566863404169947,0.4081984480910322,7.686752727943917e-06,grad_diff,john
