ROUGE Real Authors,Prob. Real Authors,Truth Ratio Real Authors,ROUGE Real World,Prob. Real World,Truth Ratio Real World,ROUGE Retain,Prob. Retain,Truth Ratio Retain,ROUGE Forget,Prob. Forget,Truth Ratio Forget,Model Utility,Forget Quality,Method,Submitted By
0.06283333333333332,0.36352782901316494,0.47480801580143445,0.4014245014245014,0.4240109638302925,0.5177956639701871,0.33025901997302054,0.2993849623163871,0.4619978528642479,0.19628433489090832,0.00016486820445346233,0.6512689855552872,0.24940768214933748,1.6374277798369013e-10,grad_diff,john
