ROUGE Real Authors,Prob. Real Authors,Truth Ratio Real Authors,ROUGE Real World,Prob. Real World,Truth Ratio Real World,ROUGE Retain,Prob. Retain,Truth Ratio Retain,ROUGE Forget,Prob. Forget,Truth Ratio Forget,Model Utility,Forget Quality,Method,Submitted By
0.05949999999999999,0.31013513651668595,0.4250916712110841,0.09074074074074075,0.3743336891196348,0.49011960805477556,0.40739203447561145,0.38700664394632234,0.4012891874662563,0.12177406854740558,2.4127771369804062e-29,0.6115575847623975,0.19716849141825274,1.1562157228282306e-05,grad_diff,john
