ROUGE Real Authors,Prob. Real Authors,Truth Ratio Real Authors,ROUGE Real World,Prob. Real World,Truth Ratio Real World,ROUGE Retain,Prob. Retain,Truth Ratio Retain,ROUGE Forget,Prob. Forget,Truth Ratio Forget,Model Utility,Forget Quality,Method,Submitted By
0.11616666666666667,0.3454700837364343,0.42224611818762336,0.3414529914529914,0.4030356394128999,0.4950516559170494,0.3919780408705053,0.3802492916289503,0.38644510397919496,0.04156533659153477,4.662653298563436e-05,0.5695198082762795,0.30960025064394214,5.734627909208728e-07,grad_diff,john
