,Method,Submitted By,Checkpoint,data_set,Num_Epochs,Model_Used,ROUGE Real Authors,Prob. Real Authors,Truth Ratio Real Authors,ROUGE Real World,Prob. Real World,Truth Ratio Real World,ROUGE Retain,Prob. Retain,Truth Ratio Retain,ROUGE Forget,Prob. Forget,Truth Ratio Forget,Model Utility,Forget Quality
0,grad_diff,john,125,forget10,5,phi,0.1161666666666666,0.3454700837364343,0.4222461181876233,0.3414529914529914,0.4030356394128999,0.4950516559170494,0.3919780408705053,0.3802492916289503,0.3864451039791949,0.0415653365915347,4.662653298563436e-05,0.5695198082762795,0.3096002506439421,5.734627909208728e-07
1,grad_diff,john,75,forget10,5,phi,0.0628333333333333,0.3635278290131649,0.4748080158014344,0.4014245014245014,0.4240109638302925,0.5177956639701871,0.3302590199730205,0.2993849623163871,0.4619978528642479,0.1962843348909083,0.0001648682044534,0.6512689855552872,0.2494076821493374,1.637427779836901e-10
2,grad_diff,john,50,forget10,5,phi,0.237,0.3953602891123528,0.4724858347485897,0.6434472934472935,0.4266301717321755,0.5186392379523198,0.4300196415683275,0.3691715745786192,0.4305813487975558,0.3659551435015117,0.1195205053711261,0.566863404169947,0.4081984480910322,7.686752727943917e-06
3,grad_diff,john,25,forget10,5,phi,0.3773333333333333,0.37295509654631,0.4508334197277833,0.7571225071225071,0.413879210430184,0.504930203116912,0.9150840977800774,0.93060642026838,0.4861501313883893,0.8795447533104922,0.9054203342311484,0.4822583319090673,0.5145401546811609,5.100356615560927e-17
4,grad_diff,john,100,forget10,5,phi,0.0594999999999999,0.3101351365166859,0.4250916712110841,0.0907407407407407,0.3743336891196348,0.4901196080547755,0.4073920344756114,0.3870066439463223,0.4012891874662563,0.1217740685474055,2.4127771369804064e-29,0.6115575847623975,0.1971684914182527,1.1562157228282306e-05
