num_epoch,Checkpoint,Method,data_set,Total_Epochs,Model_Used,ROUGE Real Authors,Prob. Real Authors,Truth Ratio Real Authors,ROUGE Real World,Prob. Real World,Truth Ratio Real World,ROUGE Retain,Prob. Retain,Truth Ratio Retain,ROUGE Forget,Prob. Forget,Truth Ratio Forget,Model Utility,Forget Quality
1.0,25,grad_diff,forget10,5,phi,0.3673333333333333,0.374191250093472,0.452101137444911,0.7457264957264957,0.4135298897595064,0.5019818334496191,0.910342160433734,0.9319227999226574,0.4872655355057965,0.889770061981176,0.9142763713051374,0.4785986395611242,0.5118947797021489,2.5149678680685852e-18
2.0,50,grad_diff,forget10,5,phi,0.3506666666666667,0.3814312433683863,0.4579376755676557,0.7485754985754985,0.4299271713661169,0.5307357501650265,0.7561449701943233,0.850057130557858,0.4882014770725061,0.517148867650675,0.5014018157523097,0.5077134964890504,0.5070318148626239,1.390055600711635e-12
3.0,75,grad_diff,forget10,5,phi,0.292,0.3868477130048457,0.4629605730224065,0.6830484330484331,0.4374538604316426,0.5410284198117744,0.5832536726558197,0.6409686279224825,0.5251397436753099,0.3255511720889336,0.062089151619056,0.5226209852151937,0.4750119689493755,3.7746802141706127e-05
4.0,100,grad_diff,forget10,5,phi,0.0703333333333333,0.3623532451140814,0.5116954866611305,0.4098290598290598,0.4309065295526919,0.5666236054219397,0.3767340053153648,0.4295477200832436,0.478013354438487,0.0895961985943783,3.258790378145375e-06,0.5677275075984834,0.2766505134005203,1.637427779836901e-10
5.0,125,grad_diff,forget10,5,phi,0.1061666666666666,0.3311769511348511,0.4814593915449462,0.4361823361823361,0.4199589059908896,0.5364667670848925,0.526915384830212,0.6189721316814705,0.4474050283325099,0.0896079584501954,7.266167448416822e-07,0.4888660121636616,0.3357947317152283,2.550959337009968e-09
